<?xml version="1.0" encoding="UTF-8"?>


<!DOCTYPE mapper
    PUBLIC "-//mybatis.org//DTD Mapper 3.0//EN"
    "https://mybatis.org/dtd/mybatis-3-mapper.dtd">
    
   
<mapper namespace="com.policy.admin.board.dao.BoardDAO">

	<select id="count" resultType="int">
		SELECT count(*) FROM TB_QNA
	</select>
	
	

	
	<resultMap type="BoardDTO" id="listSelect" autoMapping="true">
		<association property="membersDTO" javaType="MembersDTO">
			<result column="USER_NAME" property="userName"/>
			<result column="USER_ID" property="userId"/>
		</association>
	</resultMap>
	
	<select id="list" parameterType="BoardPageDTO" resultMap="listSelect">
		<![CDATA[ 
		SELECT b.*
			FROM(SELECT rownum AS rm, a.*
                FROM(SELECT q.*,m.USER_NAME, m.USER_ID FROM TB_QNA q, TB_MEMBER m
                WHERE q.USER_KEYNUM=m.USER_KEYNUM(+) AND q.QNA_KEYNUM = q.QNA_REF AND q.QNA_STATUS in(1,2) AND q.ADMIN_KEYNUM is NOT null
				ORDER BY q.QNA_REF DESC,q.QNA_KEYNUM ASC)a)b
		WHERE b.rm>=#{startRow} AND b.rm<=#{endRow}
		]]>
	</select>

	
	<insert id="save" parameterType="BoardDTO">
		INSERT INTO TB_QNA(QNA_KEYNUM, USER_KEYNUM, QNA_TITLE, QNA_CONTENT, QNA_REGDATE, QNA_READCOUNT, QNA_REF, QNA_STATUS, QNA_SECRET)
		VALUES(SEQ_QNA_KEYNUM.nextval, #{userKeynum}, #{qnaTitle, jdbcType=VARCHAR}, #{qnaContent, jdbcType=VARCHAR}, sysdate, 0, 
		<choose>
			<when test="qnaRef==0">
				SEQ_QNA_KEYNUM.nextval,
			</when>
			<otherwise>
				#{qnaRef},
			</otherwise>
		</choose> 
		1, #{qnaSecret}
		)
	</insert>
	
		<!-- 답변 등록-->
	<insert id="adminSave" parameterType="BoardDTO">
		INSERT INTO TB_QNA(QNA_KEYNUM, USER_KEYNUM, ADMIN_KEYNUM, QNA_TITLE, QNA_CONTENT, QNA_REGDATE, QNA_READCOUNT, QNA_REF, QNA_STATUS, QNA_SECRET)
		VALUES(SEQ_QNA_KEYNUM.nextval, #{userKeynum}, #{adminKeynum}, #{qnaTitle, jdbcType=VARCHAR}, #{qnaContent, jdbcType=VARCHAR}, sysdate, 0, #{qnaRef},
		2, #{qnaSecret}
		)
	</insert>
	

	<update id="readCount" parameterType="int">
		UPDATE TB_QNA
		SET QNA_READCOUNT = QNA_READCOUNT + 1
		WHERE QNA_KEYNUM=#{qnaKeynum}
		
	</update>
	
	<update id="statusChange" parameterType="int">
		UPDATE TB_QNA
		SET QNA_STATUS = 2
		WHERE QNA_KEYNUM=#{qnaRef}
	</update>
	
	<update id="statusReChange" parameterType="int">
		UPDATE TB_QNA
		SET QNA_STATUS = 1
		WHERE QNA_KEYNUM=#{qnaRef}
	</update>
	
	
	
	<resultMap type="BoardDTO" id="contentSelect" autoMapping="true">
		<association property="membersDTO" javaType="MembersDTO" >
			<result column="USER_NAME" property="userName"/>
			<result column="USER_ID" property="userId"/>
		</association>
	</resultMap>
	
	<select id="content" parameterType="int" resultMap="contentSelect">
		SELECT q.*, m.USER_NAME, m.USER_ID
		FROM TB_QNA q, TB_MEMBER m
		WHERE q.USER_KEYNUM=m.USER_KEYNUM(+) 
		AND QNA_KEYNUM=#{qnaKeynum} AND q.QNA_STATUS in(1,2)
	</select>

	<resultMap type="BoardDTO" id="admincontentSelect" autoMapping="true">
		<association property="membersDTO" javaType="MembersDTO" >
			<result column="USER_NAME" property="userName"/>
			<result column="USER_ID" property="userId"/>
		</association>
	</resultMap>

	<select id="admincontent" parameterType="int" resultMap="admincontentSelect">
		SELECT q.*, m.USER_NAME, m.USER_ID
		FROM TB_QNA q, TB_MEMBER m
		WHERE q.USER_KEYNUM=m.USER_KEYNUM(+) AND q.ADMIN_KEYNUM IS NOT NULL
		AND QNA_REF=#{qnaKeynum} AND q.QNA_STATUS in(1,2)
	</select>



	<update id="update" parameterType="BoardDTO">
		UPDATE TB_QNA
		SET QNA_TITLE=#{qnaTitle}, QNA_CONTENT=#{qnaContent},QNA_SECRET=#{qnaSecret}
		WHERE QNA_KEYNUM=#{qnaKeynum}
	</update>
	
	<select id="countRef" resultType="int">
		SELECT count(*) FROM TB_QNA WHERE QNA_REF=#{qnaRef}
	</select>
	
	
	
	<update id="delete" parameterType="int">
		UPDATE TB_QNA
		SET QNA_STATUS = 0
		WHERE QNA_KEYNUM=#{qnaKeynum}
	</update> 
	

	
	<update id="adminDelete" parameterType="int">
			UPDATE TB_QNA SET QNA_STATUS = 0
	WHERE QNA_REF=#{qnaKeynum} AND ADMIN_KEYNUM IS NOT null
	</update> 
	
	<delete id="realDelete" parameterType="int">
		delete FROM TB_QNA
		WHERE QNA_KEYNUM=#{qnaKeynum}
	</delete>
	

	<select id="searchList" parameterType="BoardPageDTO" resultType="BoardDTO">
	
		SELECT b.*
			FROM(SELECT rownum AS rm, a.*
               	FROM(SELECT b.* FROM TB_QNA b
     			<include refid="search"></include>
     			AND ADMIN_KEYNUM IS NULL
				ORDER BY QNA_KEYNUM DESC)a)b
					<![CDATA[ 
		WHERE b.rm>=#{startRow} AND b.rm<=#{endRow}
		]]>
	</select>
	
	<sql id="search">
		<choose>
			<when test="searchKey==''">
				WHERE (QNA_TITLE like '%'||#{searchWord}||'%'
				OR QNA_CONTENT like '%'||#{searchWord}||'%'
				OR USER_KEYNUM like '%'||#{searchWord}||'%')
			</when>
			<otherwise>
				WHERE ${searchKey} like '%'||#{searchWord}||'%'
			</otherwise>
		</choose>
	</sql>

	<select id="countForSearch" resultType="int">
		SELECT count(*) FROM TB_QNA 
		<include refid="search"></include>
		AND ADMIN_KEYNUM IS NULL
	</select>
</mapper>