<?xml version="1.0" encoding="UTF-8"?>


<!DOCTYPE mapper
    PUBLIC "-//mybatis.org//DTD Mapper 3.0//EN"
    "https://mybatis.org/dtd/mybatis-3-mapper.dtd">
    
   
<mapper namespace="com.policy.admin.user.dao.MemberDAO">


	<select id="list" parameterType="MemberPageDTO" resultType="MemberDTO">
		<![CDATA[ 
		SELECT b.*
			FROM(SELECT rownum AS rm, a.*
                FROM(SELECT * FROM TB_MEMBER 
				ORDER BY USER_KEYNUM DESC)a)b
		WHERE b.rm>=#{startRow} AND b.rm<=#{endRow}
		]]>
	</select>
	
	<select id="selectByUserId" parameterType="string" resultType="MemberDTO">
		SELECT * FROM TB_MEMBER
		WHERE USER_ID = #{userId} 
	</select>
	
	
		<!-- 멤버정보개수 가져오기 -->	
	<select id="count" resultType="int">
		SELECT count(*) FROM TB_MEMBER
	</select>

	
	<select id="content" parameterType="int" resultType="MemberDTO">
		SELECT *
		FROM TB_MEMBER
		WHERE USER_KEYNUM=#{userKeynum}
	</select>
	
	<update id="delete" parameterType="int">
		UPDATE TB_MEMBER
		SET USER_STATUS = 1
		WHERE USER_KEYNUM=#{userKeynum}
	</update> 
	
	<delete id="realDelete" parameterType="int">
		delete FROM TB_MEMBER
		WHERE USER_KEYNUM=#{userKeynum}
	</delete>

	<!-- 멤버정보 검색리스트 가져오기 -->	
	<select id="searchList" parameterType="MemberPageDTO" resultType="MemberDTO">
	
		SELECT b.*
			FROM(SELECT rownum AS rm, a.*
               	FROM(SELECT b.* FROM TB_MEMBER b
     			<include refid="search"></include>
				ORDER BY USER_KEYNUM DESC)a)b
					<![CDATA[ 
		WHERE b.rm>=#{startRow} AND b.rm<=#{endRow}
		]]>
	</select>
	
	<sql id="search">
		<choose>
			<when test="searchKey==''">
				WHERE USER_ID like '%'||#{searchWord}||'%'
				OR USER_NAME like '%'||#{searchWord}||'%'
			</when>
			<otherwise>
				WHERE ${searchKey} like '%'||#{searchWord}||'%'
			</otherwise>
		</choose>
	</sql>
	
		<!-- 정책정보개수 가져오기 -->	
	<select id="countForSearch" resultType="int">
		SELECT count(*) FROM TB_MEMBER
		<include refid="search"></include>
	</select>
	
	
</mapper>